<?xml version="1.0" encoding="UTF-8"?>
<project-private xmlns="http://www.netbeans.org/ns/project-private/1">
    <editor-bookmarks xmlns="http://www.netbeans.org/ns/editor-bookmarks/2" lastBookmarkId="0"/>
    <open-files xmlns="http://www.netbeans.org/ns/projectui-open-files/2">
        <group>
            <file>file:/D:/Users/USUARIO/Documents/PSW/EsteticaAUX/EsteticaAux/web/Inicio.jsp</file>
            <file>file:/D:/Users/USUARIO/Documents/PSW/EsteticaAUX/EsteticaAux/web/Agenda.jsp</file>
            <file>file:/D:/Users/USUARIO/Documents/PSW/EsteticaAUX/EsteticaAux/src/java/Conexion/Provider.java</file>
            <file>file:/D:/Users/USUARIO/Documents/PSW/EsteticaAUX/EsteticaAux/src/java/Clases/Cliente.java</file>
            <file>file:/D:/Users/USUARIO/Documents/PSW/EsteticaAUX/EsteticaAux/src/java/Clases/Servicio.java</file>
            <file>file:/D:/Users/USUARIO/Documents/PSW/EsteticaAUX/EsteticaAux/src/java/Clases/Cita.java</file>
            <file>file:/D:/Users/USUARIO/Documents/PSW/EsteticaAUX/EsteticaAux/web/Servicios.jsp</file>
            <file>file:/D:/Users/USUARIO/Documents/PSW/EsteticaAUX/EsteticaAux/src/java/Clases/Sucursal.java</file>
            <file>file:/D:/Users/USUARIO/Documents/PSW/EsteticaAUX/EsteticaAux/src/java/Clases/Compra.java</file>
            <file>file:/D:/Users/USUARIO/Documents/PSW/EsteticaAUX/EsteticaAux/src/java/Servlets/NuevoCliente.java</file>
            <file>file:/D:/Users/USUARIO/Documents/PSW/EsteticaAUX/EsteticaAux/web/Perfil.jsp</file>
            <file>file:/D:/Users/USUARIO/Documents/PSW/EsteticaAUX/EsteticaAux/src/java/Controladores/MEmpleados.java</file>
            <file>file:/D:/Users/USUARIO/Documents/PSW/EsteticaAUX/EsteticaAux/web/css/Inicio.css</file>
            <file>file:/D:/Users/USUARIO/Documents/PSW/EsteticaAUX/EsteticaAux/src/java/Controladores/CTipoEmpleo.java</file>
            <file>file:/D:/Users/USUARIO/Documents/PSW/EsteticaAUX/EsteticaAux/src/java/Controladores/ECita.java</file>
            <file>file:/D:/Users/USUARIO/Documents/PSW/EsteticaAUX/EsteticaAux/src/java/Controladores/MClientes.java</file>
            <file>file:/D:/Users/USUARIO/Documents/PSW/EsteticaAUX/EsteticaAux/web/Login.jsp</file>
            <file>file:/D:/Users/USUARIO/Documents/PSW/EsteticaAUX/EsteticaAux/src/java/Servlets/EliminarServicio.java</file>
            <file>file:/D:/Users/USUARIO/Documents/PSW/EsteticaAUX/EsteticaAux/web/css/General.css</file>
            <file>file:/D:/Users/USUARIO/Documents/PSW/EsteticaAUX/EsteticaAux/src/java/Servlets/IniciarSesion.java</file>
            <file>file:/D:/Users/USUARIO/Documents/PSW/EsteticaAUX/EsteticaAux/src/java/Controladores/ESucursalEmpleado.java</file>
            <file>file:/D:/Users/USUARIO/Documents/PSW/EsteticaAUX/EsteticaAux/src/java/Clases/Empleado.java</file>
            <file>file:/D:/Users/USUARIO/Documents/PSW/EsteticaAUX/EsteticaAux/src/java/Servlets/AgregarServicio.java</file>
            <file>file:/D:/Users/USUARIO/Documents/PSW/EsteticaAUX/EsteticaAux/src/java/Controladores/ETipoEmpleado.java</file>
            <file>file:/D:/Users/USUARIO/Documents/PSW/EsteticaAUX/EsteticaAux/src/java/Controladores/MCitas.java</file>
            <file>file:/D:/Users/USUARIO/Documents/PSW/EsteticaAUX/EsteticaAux/src/java/Controladores/CServicios.java</file>
            <file>file:/D:/Users/USUARIO/Documents/PSW/EsteticaAUX/EsteticaAux/src/java/Controladores/CSucursales.java</file>
        </group>
    </open-files>
</project-private>
