<?xml version="1.0" encoding="UTF-8"?>
<project-private xmlns="http://www.netbeans.org/ns/project-private/1">
    <editor-bookmarks xmlns="http://www.netbeans.org/ns/editor-bookmarks/2" lastBookmarkId="0"/>
    <open-files xmlns="http://www.netbeans.org/ns/projectui-open-files/2">
        <group>
            <file>file:/D:/Users/USUARIO/Documents/PSW/EsteticaAUX/EsteticaAux/web/Inicio.jsp</file>
            <file>file:/D:/Users/USUARIO/Documents/PSW/EsteticaAUX/EsteticaAux/web/Agenda.jsp</file>
            <file>file:/D:/Users/USUARIO/Documents/PSW/EsteticaAUX/EsteticaAux/src/java/Clases/Compra.java</file>
            <file>file:/D:/Users/USUARIO/Documents/PSW/EsteticaAUX/EsteticaAux/src/java/Diagramas/AlgunosProcedures</file>
            <file>file:/D:/Users/USUARIO/Documents/PSW/EsteticaAUX/EsteticaAux/src/java/Servlets/CerrarSesion.java</file>
            <file>file:/D:/Users/USUARIO/Documents/PSW/EsteticaAUX/EsteticaAux/web/Perfil.jsp</file>
            <file>file:/D:/Users/USUARIO/Documents/PSW/EsteticaAUX/EsteticaAux/src/java/Controladores/MEmpleados.java</file>
            <file>file:/D:/Users/USUARIO/Documents/PSW/EsteticaAUX/EsteticaAux/src/java/Controladores/MCompra.java</file>
            <file>file:/D:/Users/USUARIO/Documents/PSW/EsteticaAUX/EsteticaAux/src/java/Controladores/DCita.java</file>
            <file>file:/D:/Users/USUARIO/Documents/PSW/EsteticaAUX/EsteticaAux/src/java/Clases/Cita.java</file>
            <file>file:/D:/Users/USUARIO/Documents/PSW/EsteticaAUX/EsteticaAux/web/Servicios.jsp</file>
        </group>
    </open-files>
</project-private>
