<?xml version="1.0" encoding="UTF-8"?>
<project-private xmlns="http://www.netbeans.org/ns/project-private/1">
    <editor-bookmarks xmlns="http://www.netbeans.org/ns/editor-bookmarks/2" lastBookmarkId="0"/>
    <open-files xmlns="http://www.netbeans.org/ns/projectui-open-files/2">
        <group>
            <file>file:/D:/Users/USUARIO/Documents/PSW/EsteticaAUX/EsteticaAux/web/Inicio.jsp</file>
            <file>file:/D:/Users/USUARIO/Documents/PSW/EsteticaAUX/EsteticaAux/web/Agenda.jsp</file>
            <file>file:/D:/Users/USUARIO/Documents/PSW/EsteticaAUX/EsteticaAux/web/Login.jsp</file>
            <file>file:/D:/Users/USUARIO/Documents/PSW/EsteticaAUX/EsteticaAux/web/Perfil.jsp</file>
            <file>file:/D:/Users/USUARIO/Documents/PSW/EsteticaAUX/EsteticaAux/web/css/Inicio.css</file>
            <file>file:/D:/Users/USUARIO/Documents/PSW/EsteticaAUX/EsteticaAux/web/css/General.css</file>
            <file>file:/D:/Users/USUARIO/Documents/PSW/EsteticaAUX/EsteticaAux/web/Servicios.jsp</file>
        </group>
    </open-files>
</project-private>
