<?xml version="1.0" encoding="UTF-8"?>
<project-private xmlns="http://www.netbeans.org/ns/project-private/1">
    <editor-bookmarks xmlns="http://www.netbeans.org/ns/editor-bookmarks/2" lastBookmarkId="0"/>
    <open-files xmlns="http://www.netbeans.org/ns/projectui-open-files/2">
        <group>
            <file>file:/D:/Users/USUARIO/Documents/PSW/EsteticaAUX/EsteticaAux/src/java/Controladores/MClientes.java</file>
            <file>file:/D:/Users/USUARIO/Documents/PSW/EsteticaAUX/EsteticaAux/web/js/Meses.js</file>
            <file>file:/D:/Users/USUARIO/Documents/PSW/EsteticaAUX/EsteticaAux/web/js/Login.js</file>
            <file>file:/D:/Users/USUARIO/Documents/PSW/EsteticaAUX/EsteticaAux/web/Login.jsp</file>
            <file>file:/D:/Users/USUARIO/Documents/PSW/EsteticaAUX/EsteticaAux/web/Cita.jsp</file>
            <file>file:/D:/Users/USUARIO/Documents/PSW/EsteticaAUX/EsteticaAux/src/java/Controladores/MEmpleados.java</file>
            <file>file:/D:/Users/USUARIO/Documents/PSW/EsteticaAUX/EsteticaAux/src/java/Controladores/CServicios.java</file>
            <file>file:/D:/Users/USUARIO/Documents/PSW/EsteticaAUX/EsteticaAux/src/java/Servlets/IniciarSesion.java</file>
            <file>file:/D:/Users/USUARIO/Documents/PSW/EsteticaAUX/EsteticaAux/web/Servicios.jsp</file>
        </group>
    </open-files>
</project-private>
